{
  "form": [
      {
        "text": " MAS8E1R AGGIOR.",
        "label": "others",
        "words": [
          {
            "text": "MAS8E1R",
            "box": [
              82,
              102,
              294,
              69
            ]
          },
          {
            "text": "AGGIOR.",
            "box": [
              414,
              102,
              614,
              70
            ]
          }
        ],
        "box": [
          82,
          102,
          614,
          69
        ],
        "id": 0,
        "linking": [
          [
            0
          ]
        ]
      },
      {
        "text": " Entrata a Magazzino",
        "label": "question",
        "words": [
          {
            "text": "Entrata",
            "box": [
              953,
              101,
              1162,
              68
            ]
          },
          {
            "text": "a",
            "box": [
              1195,
              99,
              1223,
              74
            ]
          },
          {
            "text": "Magazzino",
            "box": [
              1252,
              108,
              1520,
              64
            ]
          }
        ],
        "box": [
          953,
          108,
          1520,
          64
        ],
        "id": 2,
        "linking": [
          [
            2,
            5
          ]
        ]
      },
      {
        "text": " 12:06:54 SINERGY",
        "label": "answer",
        "words": [
          {
            "text": "12:06:54",
            "box": [
              1854,
              99,
              2085,
              66
            ]
          },
          {
            "text": "SINERGY",
            "box": [
              2123,
              99,
              2329,
              66
            ]
          }
        ],
        "box": [
          1854,
          99,
          2329,
          66
        ],
        "id": 5,
        "linking": [
          [
            2,
            5
          ]
        ]
      },
      {
        "text": " Booking",
        "label": "question",
        "words": [
          {
            "text": "Booking",
            "box": [
              83,
              213,
              294,
              167
            ]
          }
        ],
        "box": [
          83,
          213,
          294,
          167
        ],
        "id": 7,
        "linking": [
          [
            7,
            8
          ]
        ]
      },
      {
        "text": " SI 21 307909",
        "label": "answer",
        "words": [
          {
            "text": "SI",
            "box": [
              419,
              203,
              473,
              170
            ]
          },
          {
            "text": "21",
            "box": [
              508,
              203,
              563,
              170
            ]
          },
          {
            "text": "307909",
            "box": [
              599,
              203,
              770,
              169
            ]
          }
        ],
        "box": [
          419,
          203,
          770,
          169
        ],
        "id": 8,
        "linking": [
          [
            7,
            8
          ]
        ]
      },
      {
        "text": " Data Booking",
        "label": "question",
        "words": [
          {
            "text": "Data",
            "box": [
              805,
              203,
              922,
              170
            ]
          },
          {
            "text": "Booking",
            "box": [
              953,
              212,
              1162,
              163
            ]
          }
        ],
        "box": [
          805,
          212,
          1162,
          163
        ],
        "id": 11,
        "linking": [
          [
            11,
            13
          ]
        ]
      },
      {
        "text": " 10/12/21",
        "label": "answer",
        "words": [
          {
            "text": "10/12/21",
            "box": [
              1196,
              208,
              1431,
              163
            ]
          }
        ],
        "box": [
          1196,
          208,
          1431,
          163
        ],
        "id": 13,
        "linking": [
          [
            11,
            13
          ]
        ]
      },
      {
        "text": " Utente",
        "label": "question",
        "words": [
          {
            "text": "Utente",
            "box": [
              1912,
              201,
              2088,
              169
            ]
          }
        ],
        "box": [
          1912,
          201,
          2088,
          169
        ],
        "id": 15,
        "linking": [
          [
            15,
            16
          ]
        ]
      },
      {
        "text": " SNRSESSOU",
        "label": "answer",
        "words": [
          {
            "text": "SNRSESSOU",
            "box": [
              2123,
              202,
              2388,
              168
            ]
          }
        ],
        "box": [
          2123,
          202,
          2388,
          168
        ],
        "id": 16,
        "linking": [
          [
            15,
            16
          ]
        ]
      },
      {
        "text": " Servizio",
        "label": "question",
        "words": [
          {
            "text": "Servizio",
            "box": [
              86,
              305,
              323,
              268
            ]
          }
        ],
        "box": [
          86,
          305,
          323,
          268
        ],
        "id": 17,
        "linking": [
          [
            17,
            18
          ]
        ]
      },
      {
        "text": " ME",
        "label": "answer",
        "words": [
          {
            "text": "ME",
            "box": [
              415,
              305,
              475,
              273
            ]
          }
        ],
        "box": [
          415,
          305,
          475,
          273
        ],
        "id": 18,
        "linking": [
          [
            17,
            18
          ]
        ]
      },
      {
        "text": " Resa",
        "label": "question",
        "words": [
          {
            "text": "Resa",
            "box": [
              805,
              305,
              923,
              272
            ]
          }
        ],
        "box": [
          805,
          305,
          923,
          272
        ],
        "id": 19,
        "linking": [
          [
            19,
            20
          ]
        ]
      },
      {
        "text": " EW EX WORKS",
        "label": "answer",
        "words": [
          {
            "text": "EW",
            "box": [
              955,
              304,
              1014,
              272
            ]
          },
          {
            "text": "EX",
            "box": [
              1045,
              303,
              1103,
              272
            ]
          },
          {
            "text": "WORKS",
            "box": [
              1132,
              303,
              1281,
              271
            ]
          }
        ],
        "box": [
          955,
          304,
          1281,
          271
        ],
        "id": 20,
        "linking": [
          [
            19,
            20
          ]
        ]
      },
      {
        "text": " Committente",
        "label": "question",
        "words": [
          {
            "text": "Committente",
            "box": [
              87,
              506,
              415,
              470
            ]
          }
        ],
        "box": [
          87,
          506,
          415,
          470
        ],
        "id": 23,
        "linking": [
          [
            23,
            24
          ]
        ]
      },
      {
        "text": " 4593 GLOBAL LOGISTICS SOLUTIONS INDIA",
        "label": "answer",
        "words": [
          {
            "text": "4593",
            "box": [
              451,
              507,
              623,
              473
            ]
          },
          {
            "text": "GLOBAL",
            "box": [
              658,
              506,
              835,
              475
            ]
          },
          {
            "text": "LOGISTICS",
            "box": [
              866,
              507,
              1131,
              475
            ]
          },
          {
            "text": "SOLUTIONS",
            "box": [
              1167,
              506,
              1433,
              474
            ]
          },
          {
            "text": "INDIA",
            "box": [
              1469,
              506,
              1615,
              475
            ]
          }
        ],
        "box": [
          451,
          507,
          1615,
          473
        ],
        "id": 24,
        "linking": [
          [
            23,
            24
          ]
        ]
      },
      {
        "text": " Esportatore",
        "label": "question",
        "words": [
          {
            "text": "Esportatore",
            "box": [
              86,
              616,
              416,
              575
            ]
          }
        ],
        "box": [
          86,
          616,
          416,
          575
        ],
        "id": 29,
        "linking": [
          [
            29,
            30
          ]
        ]
      },
      {
        "text": " MADAS SRL VIA MORATELLO 5/6/2007 37045 San Pietro di Legnago IT",
        "label": "answer",
        "words": [
          {
            "text": "MADAS",
            "box": [
              686,
              607,
              833,
              575
            ]
          },
          {
            "text": "SRL",
            "box": [
              868,
              607,
              954,
              575
            ]
          },
          {
            "text": "VIA",
            "box": [
              656,
              809,
              748,
              777
            ]
          },
          {
            "text": "MORATELLO",
            "box": [
              776,
              809,
              1044,
              755
            ]
          },
          {
            "text": "5/6/2007",
            "box": [
              1078,
              815,
              1220,
              771
            ]
          },
          {
            "text": "37045",
            "box": [
              661,
              910,
              803,
              877
            ]
          },
          {
            "text": "San",
            "box": [
              928,
              910,
              1016,
              878
            ]
          },
          {
            "text": "Pietro",
            "box": [
              1047,
              911,
              1223,
              875
            ]
          },
          {
            "text": "di",
            "box": [
              1258,
              911,
              1313,
              875
            ]
          },
          {
            "text": "Legnago",
            "box": [
              1348,
              920,
              1554,
              880
            ]
          },
          {
            "text": "IT",
            "box": [
              1797,
              912,
              1853,
              880
            ]
          }
        ],
        "box": [
          656,
          920,
          1853,
          575
        ],
        "id": 30,
        "linking": [
          [
            29,
            30
          ]
        ]
      },
      {
        "text": " Porto di imbarco",
        "label": "question",
        "words": [
          {
            "text": "Porto",
            "box": [
              88,
              1010,
              234,
              978
            ]
          },
          {
            "text": "di",
            "box": [
              268,
              1010,
              324,
              974
            ]
          },
          {
            "text": "imbarco",
            "box": [
              361,
              1011,
              567,
              974
            ]
          }
        ],
        "box": [
          88,
          1011,
          567,
          974
        ],
        "id": 41,
        "linking": [
          [
            41,
            44
          ]
        ]
      },
      {
        "text": " ITVAD VADO LIGURE",
        "label": "answer",
        "words": [
          {
            "text": "ITVAD",
            "box": [
              632,
              1011,
              776,
              979
            ]
          },
          {
            "text": "VADO",
            "box": [
              836,
              1011,
              954,
              980
            ]
          },
          {
            "text": "LIGURE",
            "box": [
              986,
              1011,
              1164,
              980
            ]
          }
        ],
        "box": [
          632,
          1011,
          1164,
          979
        ],
        "id": 44,
        "linking": [
          [
            41,
            44
          ]
        ]
      },
      {
        "text": " Porto di sbarco",
        "label": "question",
        "words": [
          {
            "text": "Porto",
            "box": [
              88,
              1110,
              234,
              1079
            ]
          },
          {
            "text": "di",
            "box": [
              268,
              1111,
              323,
              1075
            ]
          },
          {
            "text": "sbarco",
            "box": [
              355,
              1125,
              537,
              1076
            ]
          }
        ],
        "box": [
          88,
          1125,
          537,
          1075
        ],
        "id": 47,
        "linking": [
          [
            47,
            50
          ]
        ]
      },
      {
        "text": " INNA NHAVA SHEVA",
        "label": "answer",
        "words": [
          {
            "text": "INNA",
            "box": [
              632,
              1112,
              748,
              1081
            ]
          },
          {
            "text": "NHAVA",
            "box": [
              836,
              1112,
              986,
              1081
            ]
          },
          {
            "text": "SHEVA",
            "box": [
              1018,
              1113,
              1166,
              1081
            ]
          }
        ],
        "box": [
          632,
          1113,
          1166,
          1081
        ],
        "id": 50,
        "linking": [
          [
            47,
            50
          ]
        ]
      },
      {
        "text": " Destinazione fin.",
        "label": "question",
        "words": [
          {
            "text": "Destinazione",
            "box": [
              86,
              1214,
              446,
              1177
            ]
          },
          {
            "text": "fin.",
            "box": [
              482,
              1214,
              588,
              1178
            ]
          }
        ],
        "box": [
          86,
          1214,
          588,
          1177
        ],
        "id": 53,
        "linking": []
      },
      {
        "text": " Partenza Prev",
        "label": "question",
        "words": [
          {
            "text": "Partenza",
            "box": [
              1737,
              1218,
              1973,
              1186
            ]
          },
          {
            "text": "Prev",
            "box": [
              2006,
              1218,
              2125,
              1187
            ]
          }
        ],
        "box": [
          1737,
          1218,
          2125,
          1186
        ],
        "id": 55,
        "linking": [
          [
            55,
            57
          ]
        ]
      },
      {
        "text": " 22/12/21",
        "label": "answer",
        "words": [
          {
            "text": "22/12/21",
            "box": [
              2156,
              1226,
              2389,
              1181
            ]
          }
        ],
        "box": [
          2156,
          1226,
          2389,
          1181
        ],
        "id": 57,
        "linking": [
          [
            55,
            57
          ]
        ]
      },
      {
        "text": " Merce ....:",
        "label": "question",
        "words": [
          {
            "text": "Merce",
            "box": [
              86,
              1314,
              234,
              1281
            ]
          },
          {
            "text": "....:",
            "box": [
              277,
              1315,
              527,
              1294
            ]
          }
        ],
        "box": [
          86,
          1315,
          527,
          1281
        ],
        "id": 58,
        "linking": [
          [
            58,
            60
          ]
        ]
      },
      {
        "text": " STAC STACKABLE / STANDARD DIMENSIONS",
        "label": "answer",
        "words": [
          {
            "text": "STAC",
            "box": [
              632,
              1316,
              746,
              1283
            ]
          },
          {
            "text": "STACKABLE",
            "box": [
              840,
              1316,
              1104,
              1283
            ]
          },
          {
            "text": "/",
            "box": [
              1139,
              1322,
              1162,
              1279
            ]
          },
          {
            "text": "STANDARD",
            "box": [
              1199,
              1317,
              1436,
              1284
            ]
          },
          {
            "text": "DIMENSIONS",
            "box": [
              1467,
              1319,
              1761,
              1286
            ]
          }
        ],
        "box": [
          632,
          1322,
          1761,
          1279
        ],
        "id": 60,
        "linking": [
          [
            58,
            60
          ]
        ]
      },
      {
        "text": " Arrivo Tramite",
        "label": "question",
        "words": [
          {
            "text": "Arrivo",
            "box": [
              85,
              1512,
              264,
              1477
            ]
          },
          {
            "text": "Tramite",
            "box": [
              298,
              1514,
              506,
              1477
            ]
          }
        ],
        "box": [
          85,
          1514,
          506,
          1477
        ],
        "id": 65,
        "linking": [
          [
            65,
            67
          ]
        ]
      },
      {
        "text": " T 16746 il 14/12/21 TITO TRANS TRASPORTI CELERI",
        "label": "answer",
        "words": [
          {
            "text": "T",
            "box": [
              598,
              1527,
              629,
              1483
            ]
          },
          {
            "text": "16746",
            "box": [
              662,
              1515,
              833,
              1483
            ]
          },
          {
            "text": "il",
            "box": [
              870,
              1515,
              923,
              1480
            ]
          },
          {
            "text": "14/12/21",
            "box": [
              959,
              1522,
              1193,
              1478
            ]
          },
          {
            "text": "TITO",
            "box": [
              1228,
              1517,
              1346,
              1485
            ]
          },
          {
            "text": "TRANS",
            "box": [
              1378,
              1518,
              1523,
              1486
            ]
          },
          {
            "text": "TRASPORTI",
            "box": [
              1558,
              1520,
              1821,
              1486
            ]
          },
          {
            "text": "CELERI",
            "box": [
              1856,
              1520,
              2031,
              1488
            ]
          }
        ],
        "box": [
          598,
          1527,
          2031,
          1478
        ],
        "id": 67,
        "linking": [
          [
            65,
            67
          ]
        ]
      },
      {
        "text": " Tipo imballo",
        "label": "question",
        "words": [
          {
            "text": "Tipo",
            "box": [
              87,
              1622,
              204,
              1576
            ]
          },
          {
            "text": "imballo",
            "box": [
              239,
              1613,
              446,
              1577
            ]
          }
        ],
        "box": [
          87,
          1622,
          446,
          1576
        ],
        "id": 75,
        "linking": [
          [
            75,
            77
          ]
        ]
      },
      {
        "text": " PA PALLETS",
        "label": "answer",
        "words": [
          {
            "text": "PA",
            "box": [
              568,
              1627,
              629,
              1583
            ]
          },
          {
            "text": "PALLETS",
            "box": [
              659,
              1616,
              863,
              1583
            ]
          }
        ],
        "box": [
          568,
          1627,
          863,
          1583
        ],
        "id": 77,
        "linking": [
          [
            75,
            77
          ]
        ]
      },
      {
        "text": " Qta Segnacolli",
        "label": "question",
        "words": [
          {
            "text": "Qta",
            "box": [
              1468,
              1624,
              1556,
              1586
            ]
          },
          {
            "text": "Segnacolli",
            "box": [
              1588,
              1629,
              1881,
              1585
            ]
          }
        ],
        "box": [
          1468,
          1629,
          1881,
          1585
        ],
        "id": 79,
        "linking": [
          [
            79,
            81
          ]
        ]
      },
      {
        "text": " 5",
        "label": "answer",
        "words": [
          {
            "text": "5",
            "box": [
              1913,
              1634,
              2004,
              1588
            ]
          }
        ],
        "box": [
          1913,
          1634,
          2004,
          1588
        ],
        "id": 81,
        "linking": [
          [
            79,
            81
          ]
        ]
      },
      {
        "text": " Colli",
        "label": "question",
        "words": [
          {
            "text": "Colli",
            "box": [
              88,
              1713,
              233,
              1678
            ]
          }
        ],
        "box": [
          88,
          1713,
          233,
          1678
        ],
        "id": 82,
        "linking": [
          [
            82,
            83
          ]
        ]
      },
      {
        "text": " 5",
        "label": "answer",
        "words": [
          {
            "text": "5",
            "box": [
              602,
              1716,
              624,
              1683
            ]
          }
        ],
        "box": [
          602,
          1716,
          624,
          1683
        ],
        "id": 83,
        "linking": [
          [
            82,
            83
          ]
        ]
      },
      {
        "text": " Peso Lordo",
        "label": "question",
        "words": [
          {
            "text": "Peso",
            "box": [
              691,
              1717,
              806,
              1685
            ]
          },
          {
            "text": "Lordo",
            "box": [
              838,
              1718,
              984,
              1683
            ]
          }
        ],
        "box": [
          691,
          1718,
          984,
          1683
        ],
        "id": 84,
        "linking": [
          [
            84,
            86
          ]
        ]
      },
      {
        "text": " 1.339,000",
        "label": "answer",
        "words": [
          {
            "text": "1.339,000",
            "box": [
              1139,
              1723,
              1403,
              1685
            ]
          }
        ],
        "box": [
          1139,
          1723,
          1403,
          1685
        ],
        "id": 86,
        "linking": [
          [
            84,
            86
          ]
        ]
      },
      {
        "text": " MC :",
        "label": "question",
        "words": [
          {
            "text": "MC",
            "box": [
              1468,
              1720,
              1526,
              1688
            ]
          },
          {
            "text": ":",
            "box": [
              1597,
              1721,
              1605,
              1699
            ]
          }
        ],
        "box": [
          1468,
          1721,
          1605,
          1688
        ],
        "id": 87,
        "linking": [
          [
            87,
            89
          ]
        ]
      },
      {
        "text": " 6,289",
        "label": "answer",
        "words": [
          {
            "text": "6,289",
            "box": [
              1859,
              1727,
              2000,
              1690
            ]
          }
        ],
        "box": [
          1859,
          1727,
          2000,
          1690
        ],
        "id": 89,
        "linking": [
          [
            87,
            89
          ]
        ]
      },
      {
        "text": " Riserve ...",
        "label": "question",
        "words": [
          {
            "text": "Riserve",
            "box": [
              86,
              1915,
              294,
              1879
            ]
          },
          {
            "text": "...",
            "box": [
              338,
              1916,
              467,
              1907
            ]
          }
        ],
        "box": [
          86,
          1916,
          467,
          1879
        ],
        "id": 93,
        "linking": [
          [
            93,
            95
          ]
        ]
      },
      {
        "text": " FUMI_ OK NHAVA SHEVA",
        "label": "answer",
        "words": [
          {
            "text": "FUMI_",
            "box": [
              571,
              1917,
              684,
              1886
            ]
          },
          {
            "text": "OK",
            "box": [
              718,
              1918,
              778,
              1886
            ]
          },
          {
            "text": "NHAVA",
            "box": [
              806,
              1919,
              957,
              1887
            ]
          },
          {
            "text": "SHEVA",
            "box": [
              988,
              1919,
              1136,
              1888
            ]
          }
        ],
        "box": [
          571,
          1919,
          1136,
          1886
        ],
        "id": 95,
        "linking": [
          [
            93,
            95
          ]
        ]
      },
      {
        "text": " Note interne",
        "label": "question",
        "words": [
          {
            "text": "Note",
            "box": [
              85,
              2015,
              203,
              1982
            ]
          },
          {
            "text": "interne",
            "box": [
              239,
              2016,
              445,
              1979
            ]
          }
        ],
        "box": [
          85,
          2016,
          445,
          1979
        ],
        "id": 99,
        "linking": [
          [
            99,
            101
          ]
        ]
      },
      {
        "text": " nan",
        "label": "answer",
        "words": [
          {
            "text": null,
            "box": [
              567,
              2042,
              2363,
              2025
            ]
          }
        ],
        "box": [
          567,
          2042,
          2363,
          2025
        ],
        "id": 101,
        "linking": [
          [
            99,
            101
          ]
        ]
      },
      {
        "text": " Gest Merce",
        "label": "question",
        "words": [
          {
            "text": "Gest",
            "box": [
              986,
              2222,
              1102,
              2191
            ]
          },
          {
            "text": "Merce",
            "box": [
              1135,
              2223,
              1283,
              2191
            ]
          }
        ],
        "box": [
          986,
          2223,
          1283,
          2191
        ],
        "id": 103,
        "linking": [
          [
            103,
            105
          ]
        ]
      },
      {
        "text": " _",
        "label": "answer",
        "words": [
          {
            "text": "_",
            "box": [
              1315,
              2237,
              1347,
              2231
            ]
          }
        ],
        "box": [
          1315,
          2237,
          1347,
          2231
        ],
        "id": 105,
        "linking": [
          [
            103,
            105
          ]
        ]
      },
      {
        "text": " Stampa E/M",
        "label": "question",
        "words": [
          {
            "text": "Stampa",
            "box": [
              1498,
              2236,
              1675,
              2194
            ]
          },
          {
            "text": "E/M",
            "box": [
              1706,
              2234,
              1794,
              2189
            ]
          }
        ],
        "box": [
          1498,
          2236,
          1794,
          2189
        ],
        "id": 106,
        "linking": [
          [
            106,
            108
          ]
        ]
      },
      {
        "text": " _",
        "label": "answer",
        "words": [
          {
            "text": "_",
            "box": [
              1823,
              2241,
              1854,
              2236
            ]
          }
        ],
        "box": [
          1823,
          2241,
          1854,
          2236
        ],
        "id": 108,
        "linking": [
          [
            106,
            108
          ]
        ]
      },
      {
        "text": " Stampa BEM",
        "label": "question",
        "words": [
          {
            "text": "Stampa",
            "box": [
              2006,
              2240,
              2183,
              2198
            ]
          },
          {
            "text": "BEM",
            "box": [
              2213,
              2231,
              2303,
              2200
            ]
          }
        ],
        "box": [
          2006,
          2240,
          2303,
          2198
        ],
        "id": 109,
        "linking": [
          [
            109,
            111
          ]
        ]
      },
      {
        "text": " _",
        "label": "answer",
        "words": [
          {
            "text": "_",
            "box": [
              2332,
              2245,
              2362,
              2239
            ]
          }
        ],
        "box": [
          2332,
          2245,
          2362,
          2239
        ],
        "id": 111,
        "linking": [
          [
            109,
            111
          ]
        ]
      }
  ]
}