{
  "form": [
      {
        "text": " MAS8E1R AGGIOR.",
        "label": "others",
        "words": [
          {
            "text": "MAS8E1R",
            "box": [
              80,
              112,
              288,
              71
            ]
          },
          {
            "text": "AGGIOR.",
            "box": [
              412,
              112,
              612,
              71
            ]
          }
        ],
        "box": [
          80,
          112,
          612,
          71
        ],
        "id": 0,
        "linking": [
          [
            0
          ]
        ]
      },
      {
        "text": " Entrata a Magazzino",
        "label": "question",
        "words": [
          {
            "text": "Entrata",
            "box": [
              952,
              111,
              1155,
              70
            ]
          },
          {
            "text": "a",
            "box": [
              1191,
              110,
              1216,
              79
            ]
          },
          {
            "text": "Magazzino",
            "box": [
              1250,
              122,
              1518,
              65
            ]
          }
        ],
        "box": [
          952,
          122,
          1518,
          65
        ],
        "id": 2,
        "linking": [
          [
            2,
            5
          ]
        ]
      },
      {
        "text": " 15:49:49 SINERGY",
        "label": "answer",
        "words": [
          {
            "text": "15:49:49",
            "box": [
              1849,
              110,
              2084,
              68
            ]
          },
          {
            "text": "SINERGY",
            "box": [
              2119,
              110,
              2325,
              68
            ]
          }
        ],
        "box": [
          1849,
          110,
          2325,
          68
        ],
        "id": 5,
        "linking": [
          [
            2,
            5
          ]
        ]
      },
      {
        "text": " Booking",
        "label": "question",
        "words": [
          {
            "text": "Booking",
            "box": [
              82,
              227,
              288,
              170
            ]
          }
        ],
        "box": [
          82,
          227,
          288,
          170
        ],
        "id": 7,
        "linking": [
          [
            7,
            8
          ]
        ]
      },
      {
        "text": " SI 21 307802",
        "label": "answer",
        "words": [
          {
            "text": "SI",
            "box": [
              413,
              215,
              470,
              173
            ]
          },
          {
            "text": "21",
            "box": [
              505,
              214,
              560,
              173
            ]
          },
          {
            "text": "307802",
            "box": [
              595,
              215,
              769,
              172
            ]
          }
        ],
        "box": [
          413,
          215,
          769,
          172
        ],
        "id": 8,
        "linking": [
          [
            7,
            8
          ]
        ]
      },
      {
        "text": " Data Booking",
        "label": "question",
        "words": [
          {
            "text": "Data",
            "box": [
              802,
              215,
              916,
              173
            ]
          },
          {
            "text": "Booking",
            "box": [
              952,
              225,
              1157,
              169
            ]
          }
        ],
        "box": [
          802,
          225,
          1157,
          169
        ],
        "id": 11,
        "linking": [
          [
            11,
            13
          ]
        ]
      },
      {
        "text": " 7/12/21",
        "label": "answer",
        "words": [
          {
            "text": "7/12/21",
            "box": [
              1222,
              219,
              1428,
              169
            ]
          }
        ],
        "box": [
          1222,
          219,
          1428,
          169
        ],
        "id": 13,
        "linking": [
          [
            11,
            13
          ]
        ]
      },
      {
        "text": " Utente",
        "label": "question",
        "words": [
          {
            "text": "Utente",
            "box": [
              1909,
              213,
              2084,
              172
            ]
          }
        ],
        "box": [
          1909,
          213,
          2084,
          172
        ],
        "id": 15,
        "linking": [
          [
            15,
            16
          ]
        ]
      },
      {
        "text": " SNRBARBERO",
        "label": "answer",
        "words": [
          {
            "text": "SNRBARBERO",
            "box": [
              2119,
              213,
              2414,
              171
            ]
          }
        ],
        "box": [
          2119,
          213,
          2414,
          171
        ],
        "id": 16,
        "linking": [
          [
            15,
            16
          ]
        ]
      },
      {
        "text": " Servizio",
        "label": "question",
        "words": [
          {
            "text": "Servizio",
            "box": [
              82,
              316,
              320,
              272
            ]
          }
        ],
        "box": [
          82,
          316,
          320,
          272
        ],
        "id": 17,
        "linking": [
          [
            17,
            18
          ]
        ]
      },
      {
        "text": " ME",
        "label": "answer",
        "words": [
          {
            "text": "ME",
            "box": [
              413,
              315,
              470,
              275
            ]
          }
        ],
        "box": [
          413,
          315,
          470,
          275
        ],
        "id": 18,
        "linking": [
          [
            17,
            18
          ]
        ]
      },
      {
        "text": " Resa",
        "label": "question",
        "words": [
          {
            "text": "Resa",
            "box": [
              805,
              315,
              917,
              275
            ]
          }
        ],
        "box": [
          805,
          315,
          917,
          275
        ],
        "id": 19,
        "linking": [
          [
            19,
            20
          ]
        ]
      },
      {
        "text": " EW EX WORKS",
        "label": "answer",
        "words": [
          {
            "text": "EW",
            "box": [
              953,
              315,
              1009,
              275
            ]
          },
          {
            "text": "EX",
            "box": [
              1043,
              314,
              1100,
              274
            ]
          },
          {
            "text": "WORKS",
            "box": [
              1130,
              314,
              1278,
              273
            ]
          }
        ],
        "box": [
          953,
          315,
          1278,
          273
        ],
        "id": 20,
        "linking": [
          [
            19,
            20
          ]
        ]
      },
      {
        "text": " Committente",
        "label": "question",
        "words": [
          {
            "text": "Committente",
            "box": [
              82,
              518,
              411,
              473
            ]
          }
        ],
        "box": [
          82,
          518,
          411,
          473
        ],
        "id": 23,
        "linking": [
          [
            23,
            24
          ]
        ]
      },
      {
        "text": " @@9465 CONSOLIDATED SHIPPING SERVICES",
        "label": "answer",
        "words": [
          {
            "text": "@@9465",
            "box": [
              445,
              517,
              621,
              476
            ]
          },
          {
            "text": "CONSOLIDATED",
            "box": [
              655,
              517,
              1010,
              476
            ]
          },
          {
            "text": "SHIPPING",
            "box": [
              1042,
              516,
              1280,
              475
            ]
          },
          {
            "text": "SERVICES",
            "box": [
              1313,
              515,
              1550,
              474
            ]
          }
        ],
        "box": [
          445,
          517,
          1550,
          474
        ],
        "id": 24,
        "linking": [
          [
            23,
            24
          ]
        ]
      },
      {
        "text": " Esportatore",
        "label": "question",
        "words": [
          {
            "text": "Esportatore",
            "box": [
              86,
              630,
              411,
              578
            ]
          }
        ],
        "box": [
          86,
          630,
          411,
          578
        ],
        "id": 28,
        "linking": [
          [
            28,
            29
          ]
        ]
      },
      {
        "text": " ELASTOMERS UNION SRL VIA DELLA CONCIA 3A 40023 Castel Guelfo di Bologna IT",
        "label": "answer",
        "words": [
          {
            "text": "ELASTOMERS",
            "box": [
              658,
              618,
              948,
              577
            ]
          },
          {
            "text": "UNION",
            "box": [
              982,
              617,
              1130,
              576
            ]
          },
          {
            "text": "SRL",
            "box": [
              1162,
              617,
              1250,
              576
            ]
          },
          {
            "text": "VIA",
            "box": [
              655,
              821,
              744,
              780
            ]
          },
          {
            "text": "DELLA",
            "box": [
              775,
              821,
              922,
              780
            ]
          },
          {
            "text": "CONCIA",
            "box": [
              953,
              821,
              1132,
              779
            ]
          },
          {
            "text": "3A",
            "box": [
              1165,
              820,
              1223,
              779
            ]
          },
          {
            "text": "40023",
            "box": [
              656,
              921,
              801,
              881
            ]
          },
          {
            "text": "Castel",
            "box": [
              924,
              921,
              1100,
              878
            ]
          },
          {
            "text": "Guelfo",
            "box": [
              1133,
              920,
              1313,
              877
            ]
          },
          {
            "text": "di",
            "box": [
              1345,
              920,
              1402,
              876
            ]
          },
          {
            "text": "Bologna",
            "box": [
              1436,
              932,
              1640,
              877
            ]
          },
          {
            "text": "IT",
            "box": [
              1793,
              920,
              1850,
              880
            ]
          }
        ],
        "box": [
          655,
          932,
          1850,
          576
        ],
        "id": 29,
        "linking": [
          [
            28,
            29
          ]
        ]
      },
      {
        "text": " Porto di imbarco",
        "label": "question",
        "words": [
          {
            "text": "Porto",
            "box": [
              86,
              1023,
              233,
              982
            ]
          },
          {
            "text": "di",
            "box": [
              266,
              1023,
              321,
              979
            ]
          },
          {
            "text": "imbarco",
            "box": [
              358,
              1022,
              564,
              979
            ]
          }
        ],
        "box": [
          86,
          1023,
          564,
          979
        ],
        "id": 42,
        "linking": [
          [
            42,
            45
          ]
        ]
      },
      {
        "text": " ITGOA GENOVA",
        "label": "answer",
        "words": [
          {
            "text": "ITGOA",
            "box": [
              628,
              1022,
              775,
              981
            ]
          },
          {
            "text": "GENOVA",
            "box": [
              835,
              1022,
              1013,
              981
            ]
          }
        ],
        "box": [
          628,
          1022,
          1013,
          981
        ],
        "id": 45,
        "linking": [
          [
            42,
            45
          ]
        ]
      },
      {
        "text": " Porto di sbarco",
        "label": "question",
        "words": [
          {
            "text": "Porto",
            "box": [
              86,
              1123,
              233,
              1082
            ]
          },
          {
            "text": "di",
            "box": [
              267,
              1123,
              322,
              1079
            ]
          },
          {
            "text": "sbarco",
            "box": [
              359,
              1123,
              535,
              1079
            ]
          }
        ],
        "box": [
          86,
          1123,
          535,
          1079
        ],
        "id": 47,
        "linking": [
          [
            47,
            50
          ]
        ]
      },
      {
        "text": " AEDXB DUBAI",
        "label": "answer",
        "words": [
          {
            "text": "AEDXB",
            "box": [
              626,
              1122,
              774,
              1082
            ]
          },
          {
            "text": "DUBAI",
            "box": [
              836,
              1122,
              980,
              1082
            ]
          }
        ],
        "box": [
          626,
          1122,
          980,
          1082
        ],
        "id": 50,
        "linking": [
          [
            47,
            50
          ]
        ]
      },
      {
        "text": " Destinazione fin.",
        "label": "question",
        "words": [
          {
            "text": "Destinazione",
            "box": [
              86,
              1224,
              444,
              1181
            ]
          },
          {
            "text": "fin.",
            "box": [
              478,
              1224,
              587,
              1181
            ]
          }
        ],
        "box": [
          86,
          1224,
          587,
          1181
        ],
        "id": 52,
        "linking": []
      },
      {
        "text": " Partenza Prev",
        "label": "question",
        "words": [
          {
            "text": "Partenza",
            "box": [
              1736,
              1223,
              1969,
              1182
            ]
          },
          {
            "text": "Prev",
            "box": [
              2005,
              1223,
              2121,
              1181
            ]
          }
        ],
        "box": [
          1736,
          1223,
          2121,
          1181
        ],
        "id": 54,
        "linking": [
          [
            54,
            56
          ]
        ]
      },
      {
        "text": " 16/12/21",
        "label": "answer",
        "words": [
          {
            "text": "16/12/21",
            "box": [
              2155,
              1229,
              2388,
              1178
            ]
          }
        ],
        "box": [
          2155,
          1229,
          2388,
          1178
        ],
        "id": 56,
        "linking": [
          [
            54,
            56
          ]
        ]
      },
      {
        "text": " Merce... . :",
        "label": "question",
        "words": [
          {
            "text": "Merce...",
            "box": [
              85,
              1326,
              407,
              1286
            ]
          },
          {
            "text": ".",
            "box": [
              457,
              1326,
              467,
              1315
            ]
          },
          {
            "text": ":",
            "box": [
              517,
              1326,
              527,
              1294
            ]
          }
        ],
        "box": [
          85,
          1326,
          527,
          1286
        ],
        "id": 57,
        "linking": [
          [
            57,
            60
          ]
        ]
      },
      {
        "text": " MRVR MERCE VARIA",
        "label": "answer",
        "words": [
          {
            "text": "MRVR",
            "box": [
              628,
              1326,
              745,
              1285
            ]
          },
          {
            "text": "MERCE",
            "box": [
              836,
              1326,
              981,
              1285
            ]
          },
          {
            "text": "VARIA",
            "box": [
              1014,
              1325,
              1164,
              1284
            ]
          }
        ],
        "box": [
          628,
          1326,
          1164,
          1284
        ],
        "id": 60,
        "linking": [
          [
            57,
            60
          ]
        ]
      },
      {
        "text": " Arrivo Tramite",
        "label": "question",
        "words": [
          {
            "text": "Arrivo",
            "box": [
              85,
              1527,
              265,
              1484
            ]
          },
          {
            "text": "Tramite",
            "box": [
              298,
              1527,
              506,
              1484
            ]
          }
        ],
        "box": [
          85,
          1527,
          506,
          1484
        ],
        "id": 63,
        "linking": [
          [
            63,
            66
          ]
        ]
      },
      {
        "text": " 13/12/21",
        "label": "answer",
        "words": [
          {
            "text": "13/12/21",
            "box": [
              958,
              1527,
              1193,
              1486
            ]
          }
        ],
        "box": [
          958,
          1527,
          1193,
          1486
        ],
        "id": 66,
        "linking": [
          [
            63,
            66
          ]
        ]
      },
      {
        "text": " Tipo imballo",
        "label": "question",
        "words": [
          {
            "text": "Tipo",
            "box": [
              87,
              1639,
              205,
              1585
            ]
          },
          {
            "text": "imballo",
            "box": [
              241,
              1628,
              447,
              1585
            ]
          }
        ],
        "box": [
          87,
          1639,
          447,
          1585
        ],
        "id": 67,
        "linking": [
          [
            67,
            69
          ]
        ]
      },
      {
        "text": " PT PALLET",
        "label": "answer",
        "words": [
          {
            "text": "PT",
            "box": [
              568,
              1639,
              630,
              1588
            ]
          },
          {
            "text": "PALLET",
            "box": [
              661,
              1628,
              836,
              1587
            ]
          }
        ],
        "box": [
          568,
          1639,
          836,
          1587
        ],
        "id": 69,
        "linking": [
          [
            67,
            69
          ]
        ]
      },
      {
        "text": " Qta Segnacolli",
        "label": "question",
        "words": [
          {
            "text": "Qta",
            "box": [
              1468,
              1637,
              1554,
              1586
            ]
          },
          {
            "text": "Segnacolli",
            "box": [
              1588,
              1638,
              1881,
              1583
            ]
          }
        ],
        "box": [
          1468,
          1638,
          1881,
          1583
        ],
        "id": 71,
        "linking": [
          [
            71,
            74
          ]
        ]
      },
      {
        "text": " 2",
        "label": "answer",
        "words": [
          {
            "text": "2",
            "box": [
              1943,
              1638,
              2005,
              1586
            ]
          }
        ],
        "box": [
          1943,
          1638,
          2005,
          1586
        ],
        "id": 74,
        "linking": [
          [
            71,
            74
          ]
        ]
      },
      {
        "text": " Colli",
        "label": "question",
        "words": [
          {
            "text": "Colli",
            "box": [
              88,
              1728,
              234,
              1685
            ]
          }
        ],
        "box": [
          88,
          1728,
          234,
          1685
        ],
        "id": 75,
        "linking": [
          [
            75,
            76
          ]
        ]
      },
      {
        "text": " 2",
        "label": "answer",
        "words": [
          {
            "text": "2",
            "box": [
              602,
              1728,
              627,
              1688
            ]
          }
        ],
        "box": [
          602,
          1728,
          627,
          1688
        ],
        "id": 76,
        "linking": [
          [
            75,
            76
          ]
        ]
      },
      {
        "text": " Peso Lordo",
        "label": "question",
        "words": [
          {
            "text": "Peso",
            "box": [
              692,
              1728,
              807,
              1688
            ]
          },
          {
            "text": "Lordo",
            "box": [
              842,
              1728,
              985,
              1684
            ]
          }
        ],
        "box": [
          692,
          1728,
          985,
          1684
        ],
        "id": 77,
        "linking": [
          [
            77,
            79
          ]
        ]
      },
      {
        "text": " 1.021,000",
        "label": "answer",
        "words": [
          {
            "text": "1.021,000",
            "box": [
              1139,
              1738,
              1407,
              1687
            ]
          }
        ],
        "box": [
          1139,
          1738,
          1407,
          1687
        ],
        "id": 79,
        "linking": [
          [
            77,
            79
          ]
        ]
      },
      {
        "text": " MC :",
        "label": "question",
        "words": [
          {
            "text": "MC",
            "box": [
              1469,
              1727,
              1526,
              1686
            ]
          },
          {
            "text": ":",
            "box": [
              1597,
              1727,
              1607,
              1695
            ]
          }
        ],
        "box": [
          1469,
          1727,
          1607,
          1686
        ],
        "id": 80,
        "linking": [
          [
            80,
            82
          ]
        ]
      },
      {
        "text": " 1,267",
        "label": "answer",
        "words": [
          {
            "text": "1,267",
            "box": [
              1858,
              1737,
              2003,
              1687
            ]
          }
        ],
        "box": [
          1858,
          1737,
          2003,
          1687
        ],
        "id": 82,
        "linking": [
          [
            80,
            82
          ]
        ]
      },
      {
        "text": " Riserve . ..",
        "label": "question",
        "words": [
          {
            "text": "Riserve",
            "box": [
              91,
              1929,
              296,
              1886
            ]
          },
          {
            "text": ".",
            "box": [
              339,
              1929,
              349,
              1918
            ]
          },
          {
            "text": "..",
            "box": [
              400,
              1929,
              471,
              1918
            ]
          }
        ],
        "box": [
          91,
          1929,
          471,
          1886
        ],
        "id": 87,
        "linking": [
          [
            87,
            90
          ]
        ]
      },
      {
        "text": " ND FUMO OK",
        "label": "answer",
        "words": [
          {
            "text": "ND",
            "box": [
              572,
              1929,
              629,
              1889
            ]
          },
          {
            "text": "FUMO",
            "box": [
              665,
              1929,
              779,
              1889
            ]
          },
          {
            "text": "OK",
            "box": [
              810,
              1929,
              867,
              1889
            ]
          }
        ],
        "box": [
          572,
          1929,
          867,
          1889
        ],
        "id": 90,
        "linking": [
          [
            87,
            90
          ]
        ]
      },
      {
        "text": " Note interne",
        "label": "question",
        "words": [
          {
            "text": "Note",
            "box": [
              90,
              2031,
              206,
              1990
            ]
          },
          {
            "text": "interne",
            "box": [
              242,
              2031,
              449,
              1988
            ]
          }
        ],
        "box": [
          90,
          2031,
          449,
          1988
        ],
        "id": 93,
        "linking": []
      },
      {
        "text": " Gest Merce",
        "label": "question",
        "words": [
          {
            "text": "Gest",
            "box": [
              989,
              2232,
              1106,
              2193
            ]
          },
          {
            "text": "Merce",
            "box": [
              1139,
              2232,
              1287,
              2193
            ]
          }
        ],
        "box": [
          989,
          2232,
          1287,
          2193
        ],
        "id": 95,
        "linking": [
          [
            95,
            97
          ]
        ]
      },
      {
        "text": " _",
        "label": "answer",
        "words": [
          {
            "text": "_",
            "box": [
              1319,
              2244,
              1351,
              2238
            ]
          }
        ],
        "box": [
          1319,
          2244,
          1351,
          2238
        ],
        "id": 97,
        "linking": [
          [
            95,
            97
          ]
        ]
      },
      {
        "text": " Stampa E/M",
        "label": "question",
        "words": [
          {
            "text": "Stampa",
            "box": [
              1502,
              2244,
              1676,
              2192
            ]
          },
          {
            "text": "E/M",
            "box": [
              1714,
              2238,
              1797,
              2190
            ]
          }
        ],
        "box": [
          1502,
          2244,
          1797,
          2190
        ],
        "id": 98,
        "linking": [
          [
            98,
            100
          ]
        ]
      },
      {
        "text": " _",
        "label": "answer",
        "words": [
          {
            "text": "_",
            "box": [
              1826,
              2244,
              1859,
              2238
            ]
          }
        ],
        "box": [
          1826,
          2244,
          1859,
          2238
        ],
        "id": 100,
        "linking": [
          [
            98,
            100
          ]
        ]
      },
      {
        "text": " Stampa BEM",
        "label": "question",
        "words": [
          {
            "text": "Stampa",
            "box": [
              2009,
              2244,
              2184,
              2193
            ]
          },
          {
            "text": "BEM",
            "box": [
              2220,
              2232,
              2306,
              2193
            ]
          }
        ],
        "box": [
          2009,
          2244,
          2306,
          2193
        ],
        "id": 101,
        "linking": [
          [
            101,
            103
          ]
        ]
      },
      {
        "text": " _",
        "label": "answer",
        "words": [
          {
            "text": "_",
            "box": [
              2335,
              2244,
              2367,
              2238
            ]
          }
        ],
        "box": [
          2335,
          2244,
          2367,
          2238
        ],
        "id": 103,
        "linking": [
          [
            101,
            103
          ]
        ]
      }
  ]
}